<?xml version="1.0" encoding="UTF-8"?>
<project-private xmlns="http://www.netbeans.org/ns/project-private/1">
    <editor-bookmarks xmlns="http://www.netbeans.org/ns/editor-bookmarks/2" lastBookmarkId="0"/>
    <open-files xmlns="http://www.netbeans.org/ns/projectui-open-files/2">
        <group>
            <file>file:/C:/Users/s525189/Documents/NetBeansProjects/0-1Knapsack%20problem/src/pkg0/pkg1knapsack/problem/Item.java</file>
            <file>file:/C:/Users/s525189/Documents/NetBeansProjects/0-1Knapsack%20problem/src/pkg0/pkg1knapsack/problem/Problem.java</file>
        </group>
    </open-files>
</project-private>
